split,images,annotations,avg_boxes_per_image
train,518,829,1.6003861003861004
val,111,184,1.6576576576576576
test,112,200,1.7857142857142858
